SampleID,Sample_Name,index_name,index,index2
,,CZB-NXT-i7-01153-CZB-NXT-i5-00769,TGGACCAGGTGG,TGCCCTTTGATG
,,CZB-NXT-i7-01154-CZB-NXT-i5-00770,CCGCTTGTCTGT,TGGTGACAAGAT
,,CZB-NXT-i7-01155-CZB-NXT-i5-00771,ATTGAACCACTG,TAATGCGGTAGG
,,CZB-NXT-i7-01156-CZB-NXT-i5-00772,ACGGTCGCACTC,TTGTTCCTTATG
,,CZB-NXT-i7-01157-CZB-NXT-i5-00773,ACAACCACATCA,TTCCTGATGTGG
,,CZB-NXT-i7-01158-CZB-NXT-i5-00774,CCCACGGTCAGA,CTCTGCCTCTAC
,,CZB-NXT-i7-01159-CZB-NXT-i5-00775,CCCGCAAAGCCC,TATGTCACCCGT
,,CZB-NXT-i7-01160-CZB-NXT-i5-00776,CCCACACCCTTA,CACCTAATGCTA
,,CZB-NXT-i7-01161-CZB-NXT-i5-00777,TCAAGTAAATAG,CTGGAAACCAAG
,,CZB-NXT-i7-01162-CZB-NXT-i5-00778,ATCCCACCTATG,TGTGGGAGTTCT
,,CZB-NXT-i7-01163-CZB-NXT-i5-00779,CCCTTGAAGTTC,CGAACCGTTTCT
,,CZB-NXT-i7-01164-CZB-NXT-i5-00780,TGGGATAGACCA,TCAGACCGAGAA
,,CZB-NXT-i7-01165-CZB-NXT-i5-00781,GAGGACGCTGTA,CGAGCAAATAGA
,,CZB-NXT-i7-01166-CZB-NXT-i5-00782,GCGATGAAGCGG,CCTCCGCAGTAG
,,CZB-NXT-i7-01167-CZB-NXT-i5-00783,ACCTACACTACT,TAGGTTACTTTA
,,CZB-NXT-i7-01168-CZB-NXT-i5-00784,ATAAACAAGCGA,TTGGCTCCTCAT
,,CZB-NXT-i7-01169-CZB-NXT-i5-00785,GCCGCTTGGCTC,TTCCATTTATTG
,,CZB-NXT-i7-01170-CZB-NXT-i5-00786,ACTTTCCCTCCT,AAAGACCAGAAT
,,CZB-NXT-i7-01171-CZB-NXT-i5-00787,ATGAAGAGTCGG,TCTCAGGAAACC
,,CZB-NXT-i7-01172-CZB-NXT-i5-00788,CCTACCAACTGA,CGAACAGGTGGC
,,CZB-NXT-i7-01173-CZB-NXT-i5-00789,AATCAGGCATTG,TTCAACTTTACT
,,CZB-NXT-i7-01174-CZB-NXT-i5-00790,AACCTTACTCTG,TTCGTCCACGCT
,,CZB-NXT-i7-01175-CZB-NXT-i5-00791,GCCTTATGGTAA,TTCGGTAGCGTC
,,CZB-NXT-i7-01176-CZB-NXT-i5-00792,GTATTGATTATG,AACTGGAACCCA
,,CZB-NXT-i7-01177-CZB-NXT-i5-00793,CAGCATCTGGGA,TCCTCGCTGATT
,,CZB-NXT-i7-01178-CZB-NXT-i5-00794,CGTGCCTCTATT,TCTGTAAATGGA
,,CZB-NXT-i7-01179-CZB-NXT-i5-00795,CTGTTTGCGTTA,TTTCTTTGCGAC
,,CZB-NXT-i7-01180-CZB-NXT-i5-00796,AAGCCGACCAAA,CTCGCTTTCATT
,,CZB-NXT-i7-01181-CZB-NXT-i5-00797,CAGTTACCTTCA,TAGCCTGTGGTC
,,CZB-NXT-i7-01182-CZB-NXT-i5-00798,TTCTAATAACGA,TCTGTCTCGGGT
,,CZB-NXT-i7-01183-CZB-NXT-i5-00799,TAGCATCCATCA,CCTCATAAGGAA
,,CZB-NXT-i7-01184-CZB-NXT-i5-00800,TACGCAGAAGGA,TCTTCCACCGAG
,,CZB-NXT-i7-01185-CZB-NXT-i5-00801,CCAAGACACATA,TTGTGATTACCA
,,CZB-NXT-i7-01186-CZB-NXT-i5-00802,GAATGTGCGAAA,AATCTTGTATGA
,,CZB-NXT-i7-01187-CZB-NXT-i5-00803,TTCTCCACGGTA,TGGGCGGAGATA
,,CZB-NXT-i7-01188-CZB-NXT-i5-00804,TGCTATGTTGTA,CGCTGAGGACGC
,,CZB-NXT-i7-01189-CZB-NXT-i5-00805,TAAGCCTCGTGG,TCTCCGTCCGAT
,,CZB-NXT-i7-01190-CZB-NXT-i5-00806,GGCGAGTTGAAA,CAAGGGTGAAGA
,,CZB-NXT-i7-01191-CZB-NXT-i5-00807,CTCGTGGTAACA,TAGTAGCCTCTG
,,CZB-NXT-i7-01192-CZB-NXT-i5-00808,TTCGGCGTTGCG,TCACTCCTGATG
,,CZB-NXT-i7-01193-CZB-NXT-i5-00809,GAAGTGTATTTA,TCAGGCGACCAC
,,CZB-NXT-i7-01194-CZB-NXT-i5-00810,CTGAGACGCCGA,TACGCACTGAAT
,,CZB-NXT-i7-01195-CZB-NXT-i5-00811,GAACATCACGGG,TCCTGGAGGTCA
,,CZB-NXT-i7-01196-CZB-NXT-i5-00812,TTCGGTTCAGGA,CACCCTACGGTT
,,CZB-NXT-i7-01197-CZB-NXT-i5-00813,CGAGATGGATAA,TCAGGTGCGAAG
,,CZB-NXT-i7-01198-CZB-NXT-i5-00814,GTGCCTTAGTTC,CAAGCCGAGGGT
,,CZB-NXT-i7-01199-CZB-NXT-i5-00815,GAGATTCTGGTT,CGGGCTTGGAAA
,,CZB-NXT-i7-01200-CZB-NXT-i5-00816,CGAATGCCGAAG,TTCTGATTTGGC
,,CZB-NXT-i7-01201-CZB-NXT-i5-00817,TTCCTGGATTTC,CCCGTAATGGAT
,,CZB-NXT-i7-01202-CZB-NXT-i5-00818,CAAGCGACGACA,TGAACAATGGCA
,,CZB-NXT-i7-01203-CZB-NXT-i5-00819,TGATAGATGCCG,TTCCAACCGCAT
,,CZB-NXT-i7-01204-CZB-NXT-i5-00820,GCTGACCGATGG,GGATGTTAGCCG
,,CZB-NXT-i7-01205-CZB-NXT-i5-00821,ATGTCTACGCCA,TCTAAATCAGAA
,,CZB-NXT-i7-01206-CZB-NXT-i5-00822,GTTACTTGGATG,ATAGATGCTTAG
,,CZB-NXT-i7-01207-CZB-NXT-i5-00823,ATTGGTCGGTGG,AGCGAACCAAGC
,,CZB-NXT-i7-01208-CZB-NXT-i5-00824,CAAAGTCATCAC,CGTCGTAGAATC
,,CZB-NXT-i7-01209-CZB-NXT-i5-00825,GATTTACCGTCG,GGGATAAGTGTA
,,CZB-NXT-i7-01210-CZB-NXT-i5-00826,GTTGTAGATGCG,ACAAGGTAAATA
,,CZB-NXT-i7-01211-CZB-NXT-i5-00827,GGGACGGCTTTG,TGTGGACCAGCA
,,CZB-NXT-i7-01212-CZB-NXT-i5-00828,ATTTCTGACACA,TCTCCGTTGCTT
,,CZB-NXT-i7-01213-CZB-NXT-i5-00829,GACGCCCACTCG,TGGATAAGGACC
,,CZB-NXT-i7-01214-CZB-NXT-i5-00830,TGTGAGGTGCGG,GGTGTAAACCAT
,,CZB-NXT-i7-01215-CZB-NXT-i5-00831,GTCTTCTAAACA,CTACAACGAGCC
,,CZB-NXT-i7-01216-CZB-NXT-i5-00832,GTCATAGAAATA,TGGCTTGGGCAA
,,CZB-NXT-i7-01217-CZB-NXT-i5-00833,ATAAGCGTGACG,CGGTGTTGTCCA
,,CZB-NXT-i7-01218-CZB-NXT-i5-00834,GCTTGTATTACT,TTACTAACGCAG
,,CZB-NXT-i7-01219-CZB-NXT-i5-00835,GCCCTGTCTGGG,GCACTCCCAAAG
,,CZB-NXT-i7-01220-CZB-NXT-i5-00836,TATTAGCATCTC,TGGAAGAGCCTG
,,CZB-NXT-i7-01221-CZB-NXT-i5-00837,ATAGGGTGACCA,ATAGGAACCCAG
,,CZB-NXT-i7-01222-CZB-NXT-i5-00838,AGAGCGGTTCTG,TTGGGAGATTGA
,,CZB-NXT-i7-01223-CZB-NXT-i5-00839,GGGATAATCTCC,TTTGCGTCCTGT
,,CZB-NXT-i7-01224-CZB-NXT-i5-00840,TGCGTCCGAAAC,CAGGTTGGTAAA
,,CZB-NXT-i7-01225-CZB-NXT-i5-00841,TTTGAAATACTC,CAGTTCGGTGTA
,,CZB-NXT-i7-01226-CZB-NXT-i5-00842,TGGTGACTTGTG,ACACCCATAGTT
,,CZB-NXT-i7-01227-CZB-NXT-i5-00843,TCCATTGTGCGA,TGACGGACTTTC
,,CZB-NXT-i7-01228-CZB-NXT-i5-00844,ACAATGGTTGCT,GCCTATGCTGTA
,,CZB-NXT-i7-01229-CZB-NXT-i5-00845,GGTTCCGAAGCC,CCCTCGTAGTGG
,,CZB-NXT-i7-01230-CZB-NXT-i5-00846,CCAAGGGACTCA,TAATGCGAACGA
,,CZB-NXT-i7-01231-CZB-NXT-i5-00847,AAGTCCGAATCA,ATAAATCCACCC
,,CZB-NXT-i7-01232-CZB-NXT-i5-00848,AAGGGAGAGCGG,CGTGGGTTCATC
,,CZB-NXT-i7-01233-CZB-NXT-i5-00849,GAAACGACCTCG,AGGTTGAGGGTG
,,CZB-NXT-i7-01234-CZB-NXT-i5-00850,GAGAGTTGTGCC,AAAGGCTGAATG
,,CZB-NXT-i7-01235-CZB-NXT-i5-00851,TGTAGCACTTAG,TTCTGGAGTAGA
,,CZB-NXT-i7-01236-CZB-NXT-i5-00852,ATGGTTAGATGA,GGAGTTACATTG
,,CZB-NXT-i7-01237-CZB-NXT-i5-00853,TGTATCGCTGAA,CAGTAGAGACCA
,,CZB-NXT-i7-01238-CZB-NXT-i5-00854,CATAATGCGGCA,CTGACCCGAGCC
,,CZB-NXT-i7-01239-CZB-NXT-i5-00855,GCTCACACTCAA,GGGAAATGAAGA
,,CZB-NXT-i7-01240-CZB-NXT-i5-00856,TAAACGGGATAG,TTAGACAGGTCA
,,CZB-NXT-i7-01241-CZB-NXT-i5-00857,TTTCGCAGGACC,TTTCCGTAACAT
,,CZB-NXT-i7-01242-CZB-NXT-i5-00858,GGTCGCTTCCCA,TGCGTCCATCGC
,,CZB-NXT-i7-01243-CZB-NXT-i5-00859,GCTCGGTGTGGA,GAAAGTATCGCA
,,CZB-NXT-i7-01244-CZB-NXT-i5-00860,GGATTTCGTCTG,TCAATGAAAGCA
,,CZB-NXT-i7-01245-CZB-NXT-i5-00861,GCTAAGCGAGCA,GCTAAGGGTAAA
,,CZB-NXT-i7-01246-CZB-NXT-i5-00862,GACAAGTCGCCG,TTGTGTGTGGCG
,,CZB-NXT-i7-01247-CZB-NXT-i5-00863,GGCAGCCGCAGA,TCGGACAGACGC
,,CZB-NXT-i7-01248-CZB-NXT-i5-00864,CCCAAGAGCAAA,CCGTATGCGGTT
,,CZB-NXT-i7-01249-CZB-NXT-i5-00865,GGGAGGGCACAA,CGCCAAATAATC
,,CZB-NXT-i7-01250-CZB-NXT-i5-00866,GACGCAGGTGAG,TGGCATCAAACT
,,CZB-NXT-i7-01251-CZB-NXT-i5-00867,GATTTCTATGCC,TACCTCGTGTGT
,,CZB-NXT-i7-01252-CZB-NXT-i5-00868,TTCTTACAGGAA,AAATAATCTCCT
,,CZB-NXT-i7-01253-CZB-NXT-i5-00869,GTCTGACCACTC,TCAACACTACGA
,,CZB-NXT-i7-01254-CZB-NXT-i5-00870,ACGCAAACCTCA,AAGTTGAGGAAT
,,CZB-NXT-i7-01255-CZB-NXT-i5-00871,TTCGCTATCCAA,GGGCACCGAATA
,,CZB-NXT-i7-01256-CZB-NXT-i5-00872,CAAACCTCCAAA,TGCGTCCGAGCC
,,CZB-NXT-i7-01257-CZB-NXT-i5-00873,CCCACTGCTTGT,GGAGGCGGTGAA
,,CZB-NXT-i7-01258-CZB-NXT-i5-00874,ATCCGATTTCAA,GTGAGTAGCACC
,,CZB-NXT-i7-01259-CZB-NXT-i5-00875,CTGCCTCAGGTA,GCCGACTTTGCG
,,CZB-NXT-i7-01260-CZB-NXT-i5-00876,CCTCTGGTTCAA,GGTCGTCATACG
,,CZB-NXT-i7-01261-CZB-NXT-i5-00877,AAACCGATAGAC,TTCAGCATCAGC
,,CZB-NXT-i7-01262-CZB-NXT-i5-00878,GCGATAGCCTTG,GCTCATCAATAG
,,CZB-NXT-i7-01263-CZB-NXT-i5-00879,CAGGGTGGCACT,GTGCCGCTTGAC
,,CZB-NXT-i7-01264-CZB-NXT-i5-00880,AACTATGAAGTA,TTGAAAGTTACA
,,CZB-NXT-i7-01265-CZB-NXT-i5-00881,GGCTCATCCAGA,CACGGCTAACCG
,,CZB-NXT-i7-01266-CZB-NXT-i5-00882,GCCGCCCTTGAG,CGATGACTTGAT
,,CZB-NXT-i7-01267-CZB-NXT-i5-00883,CCCTACCGTTTA,CGAAACAAGCAC
,,CZB-NXT-i7-01268-CZB-NXT-i5-00884,TCTACACTCGTA,TAGATAACCCGC
,,CZB-NXT-i7-01269-CZB-NXT-i5-00885,AAGGTATCATCC,TTCACCGTCGGG
,,CZB-NXT-i7-01270-CZB-NXT-i5-00886,GCTACGGGTCAA,CCGCTGGAAAGG
,,CZB-NXT-i7-01271-CZB-NXT-i5-00887,GACCTTGAGCAA,TTTACACGATGA
,,CZB-NXT-i7-01272-CZB-NXT-i5-00888,CCCTGCGTAGAA,GCATTATGTGGA
,,CZB-NXT-i7-01273-CZB-NXT-i5-00889,AGTGGCTTGCGG,TATTTCGTGTCC
,,CZB-NXT-i7-01274-CZB-NXT-i5-00890,GTCGGCAGATTA,TCCACTCTCGGA
,,CZB-NXT-i7-01275-CZB-NXT-i5-00891,CCACCGCTCCAA,ACAGGAATAACG
,,CZB-NXT-i7-01276-CZB-NXT-i5-00892,AGCGACACAATC,TTATTCCAAGAG
,,CZB-NXT-i7-01277-CZB-NXT-i5-00893,CCGCATACTCCC,TTCTACGACTCG
,,CZB-NXT-i7-01278-CZB-NXT-i5-00894,GCTGCGGTCTTA,TCCTACACCCTT
,,CZB-NXT-i7-01279-CZB-NXT-i5-00895,GGCGTAACCCAA,AGGGTGAGTCGC
,,CZB-NXT-i7-01280-CZB-NXT-i5-00896,CTACATCATCCC,CAACTGTTTCGT
,,CZB-NXT-i7-01281-CZB-NXT-i5-00897,GAGTTCTACCCA,GGCACTCATCGG
,,CZB-NXT-i7-01282-CZB-NXT-i5-00898,AGATGCGATGTA,ATGCGTGGTCGG
,,CZB-NXT-i7-01283-CZB-NXT-i5-00899,CGGGTCCTGTCA,CGCTTGTCGCCA
,,CZB-NXT-i7-01284-CZB-NXT-i5-00900,GATTGGAACGAA,GTTGGAATCTTG
,,CZB-NXT-i7-01285-CZB-NXT-i5-00901,TAGAGTGGTTGT,TGAAAGGTTTGA
,,CZB-NXT-i7-01286-CZB-NXT-i5-00902,GACTCATTTGGG,TTCAATGTAGAA
,,CZB-NXT-i7-01287-CZB-NXT-i5-00903,TATTGAGACTAA,TACAATAAAGAC
,,CZB-NXT-i7-01288-CZB-NXT-i5-00904,CTCATTTGGAAA,CCTAAGTTACAT
,,CZB-NXT-i7-01289-CZB-NXT-i5-00905,TGGTTACCTCTT,CAGCCTGACATT
,,CZB-NXT-i7-01290-CZB-NXT-i5-00906,AGAGGGTATCAA,TAAATCTCCGTT
,,CZB-NXT-i7-01291-CZB-NXT-i5-00907,GTTGATGGCGTC,ACCGTCATAAAG
,,CZB-NXT-i7-01292-CZB-NXT-i5-00908,GCTGAAGTTGGT,GGTCTAACCATC
,,CZB-NXT-i7-01293-CZB-NXT-i5-00909,AGAACTCCATTG,CAGATTTCAAGA
,,CZB-NXT-i7-01294-CZB-NXT-i5-00910,AAGGAATAATGA,CGAGGGAGGTCC
,,CZB-NXT-i7-01295-CZB-NXT-i5-00911,TCCTTGAAAGAA,CGGTAAACGAGA
,,CZB-NXT-i7-01296-CZB-NXT-i5-00912,GAGGCTATGCGA,CCCTTTCAGCAC
,,CZB-NXT-i7-01297-CZB-NXT-i5-00913,TGTCTGGACTCA,GTTACGGCAAAC
,,CZB-NXT-i7-01298-CZB-NXT-i5-00914,CTCTTTGGTGAA,GGGCGTTCCTGT
,,CZB-NXT-i7-01299-CZB-NXT-i5-00915,CTGTCTCAGCCT,TAGACGCTGGGT
,,CZB-NXT-i7-01300-CZB-NXT-i5-00916,TTCCATTACAAA,GCATACTCCGCT
,,CZB-NXT-i7-01301-CZB-NXT-i5-00917,GTATTTGAGCAT,TCGCCTCCTACT
,,CZB-NXT-i7-01302-CZB-NXT-i5-00918,ACTTGCCTACAG,CCTACCACCGTA
,,CZB-NXT-i7-01303-CZB-NXT-i5-00919,AACCGCCGAGCG,AGCGAGATTGAA
,,CZB-NXT-i7-01304-CZB-NXT-i5-00920,GCCTTCGTCGCA,GAGATTCCCGTG
,,CZB-NXT-i7-01305-CZB-NXT-i5-00921,TGCGGAGCGTAA,TGGAGATACTGG
,,CZB-NXT-i7-01306-CZB-NXT-i5-00922,ATCATAAAGAGA,TGTCTTATGTAT
,,CZB-NXT-i7-01307-CZB-NXT-i5-00923,GGTCCGACGATA,TTATTCAAGCAC
,,CZB-NXT-i7-01308-CZB-NXT-i5-00924,CGTAGTTGTCTA,CGCCTGTCCCGT
,,CZB-NXT-i7-01309-CZB-NXT-i5-00925,AACAACAAACCC,GGCGGTCTGGGT
,,CZB-NXT-i7-01310-CZB-NXT-i5-00926,TAAGTCAATGTG,TACCGAACGATT
,,CZB-NXT-i7-01311-CZB-NXT-i5-00927,TGCCTGAAATGA,TTTCTAAGCAAT
,,CZB-NXT-i7-01312-CZB-NXT-i5-00928,GAATCGCACGCC,TCCACTGCCTGC
,,CZB-NXT-i7-01313-CZB-NXT-i5-00929,GGTGATAAATGG,GAGTTATGCCCT
,,CZB-NXT-i7-01314-CZB-NXT-i5-00930,CTGCCGAGGAGC,TGCGTTCTTATG
,,CZB-NXT-i7-01315-CZB-NXT-i5-00931,AGTTGAACATCC,CGCCAGAGGACG
,,CZB-NXT-i7-01316-CZB-NXT-i5-00932,AGGGCGGAGAAA,TGAACTCCTGTC
,,CZB-NXT-i7-01317-CZB-NXT-i5-00933,GCTGATTGTATG,CTCGTGGTTTCC
,,CZB-NXT-i7-01318-CZB-NXT-i5-00934,GCGGGATACACG,CGTCAAACGGTG
,,CZB-NXT-i7-01319-CZB-NXT-i5-00935,ACGAATGGAACT,AACCCTGGATTC
,,CZB-NXT-i7-01320-CZB-NXT-i5-00936,GGCGATGTCCGA,TGTAGGAATGCC
,,CZB-NXT-i7-01321-CZB-NXT-i5-00937,GGCGGGTAGTTG,TTTATCGTAGAG
,,CZB-NXT-i7-01322-CZB-NXT-i5-00938,GCAAGTATTGTA,TTCTAATACTTC
,,CZB-NXT-i7-01323-CZB-NXT-i5-00939,ACAATCCCACTA,TTTCCAGGCGAA
,,CZB-NXT-i7-01324-CZB-NXT-i5-00940,ATCGTGCCGTTC,GACGCAAGAGAT
,,CZB-NXT-i7-01325-CZB-NXT-i5-00941,TTCTAACGCCAA,ACATAAGGTCGG
,,CZB-NXT-i7-01326-CZB-NXT-i5-00942,GTCCCGTTATGC,GTCGCCGCATAG
,,CZB-NXT-i7-01327-CZB-NXT-i5-00943,TCACAGAAACGC,TAGCGGTCACGC
,,CZB-NXT-i7-01328-CZB-NXT-i5-00944,TAAGGTGTCAAA,GGGCGACCGAGT
,,CZB-NXT-i7-01329-CZB-NXT-i5-00945,CAACTTTGTAAC,ATAGTCCCATAC
,,CZB-NXT-i7-01330-CZB-NXT-i5-00946,AACAGCACAGCA,GAGGTTGGTGGT
,,CZB-NXT-i7-01331-CZB-NXT-i5-00947,AGCGACTCCTTA,CGTAGCGGCAGA
,,CZB-NXT-i7-01332-CZB-NXT-i5-00948,CAGAGGACCGTA,ACCCTCCCAGGT
,,CZB-NXT-i7-01333-CZB-NXT-i5-00949,GCCTACCCTTAG,TACCCGATTCTA
,,CZB-NXT-i7-01334-CZB-NXT-i5-00950,CGTCTCTGAAAC,GTCCGATTGAAA
,,CZB-NXT-i7-01335-CZB-NXT-i5-00951,AAGCATTGGGCA,GGCAAGGAACCC
,,CZB-NXT-i7-01336-CZB-NXT-i5-00952,GGGCTTGCGTGG,ATCATTTCCATT
,,CZB-NXT-i7-01337-CZB-NXT-i5-00953,CCTTACTGATAC,CGGTTACAGTCC
,,CZB-NXT-i7-01338-CZB-NXT-i5-00954,TAGTATGGTCGG,ATACGATACCAT
,,CZB-NXT-i7-01339-CZB-NXT-i5-00955,CGTGGCTACACT,GGCTCGGAAGCG
,,CZB-NXT-i7-01340-CZB-NXT-i5-00956,GGTCAGAAAGGC,GGTTATCACTAA
,,CZB-NXT-i7-01341-CZB-NXT-i5-00957,GCGATTTAGGAA,TAAGAAGATGAT
,,CZB-NXT-i7-01342-CZB-NXT-i5-00958,TAACTTCGCCGC,TGACAGTGCTCC
,,CZB-NXT-i7-01343-CZB-NXT-i5-00959,TCGCCGTTCAAA,GTTATGTTTAGG
,,CZB-NXT-i7-01344-CZB-NXT-i5-00960,GTGTCTGCCCTG,GCCCTACGGAGA
,,CZB-NXT-i7-01345-CZB-NXT-i5-00961,CGCTTAGAAGGC,CACGACCTGAGG
,,CZB-NXT-i7-01346-CZB-NXT-i5-00962,AGTTTAGTGATG,GTCACCAGGAGA
,,CZB-NXT-i7-01347-CZB-NXT-i5-00963,TAGTAATGCTTT,TTATCTACCAGC
,,CZB-NXT-i7-01348-CZB-NXT-i5-00964,TCGGCTCATTTG,GATTAGAAACAT
,,CZB-NXT-i7-01349-CZB-NXT-i5-00965,AGGTGGTGCCCG,GCCGCTTGGGCT
,,CZB-NXT-i7-01350-CZB-NXT-i5-00966,TATGCTATGTAA,CACTTGACCCTA
,,CZB-NXT-i7-01351-CZB-NXT-i5-00967,CATTACAAGGTG,TGGCGTCAGCCC
,,CZB-NXT-i7-01352-CZB-NXT-i5-00968,GCGGTGATTGAG,TTGGCTGAAAGT
,,CZB-NXT-i7-01353-CZB-NXT-i5-00969,TTTGGGACAGCA,CGAGGCAAGGTC
,,CZB-NXT-i7-01354-CZB-NXT-i5-00970,TTATCAAGACAA,TTGTCGCCCGTA
,,CZB-NXT-i7-01355-CZB-NXT-i5-00971,AATGAGCCCAAC,TAGAAACTATCA
,,CZB-NXT-i7-01356-CZB-NXT-i5-00972,ACATCGGACGGC,CGGTTTACTGAA
,,CZB-NXT-i7-01357-CZB-NXT-i5-00973,GATGCTTATTCG,AATGGATTGCTT
,,CZB-NXT-i7-01358-CZB-NXT-i5-00974,TGTAAAGGGAAA,ATGGTTAGTGTA
,,CZB-NXT-i7-01359-CZB-NXT-i5-00975,CGCTCTTAGGCA,CAGTCCGTTCAT
,,CZB-NXT-i7-01360-CZB-NXT-i5-00976,CTTAGGAGATTA,TGTCAAGTGAAA
,,CZB-NXT-i7-01361-CZB-NXT-i5-00977,ACCTTCAGAGCA,CCCTTGAATAAT
,,CZB-NXT-i7-01362-CZB-NXT-i5-00978,CTGATTGTCTCA,TATCGGAGCAGG
,,CZB-NXT-i7-01363-CZB-NXT-i5-00979,ACAAATAGGTCG,GACCGTAGGTGG
,,CZB-NXT-i7-01364-CZB-NXT-i5-00980,TACTAAGTTGGC,GACCAGGTTAGG
,,CZB-NXT-i7-01365-CZB-NXT-i5-00981,CATTCATTAGGA,CATCGTGAGTGA
,,CZB-NXT-i7-01366-CZB-NXT-i5-00982,CCTGTTCGCCGA,TACGATTTCGCT
,,CZB-NXT-i7-01367-CZB-NXT-i5-00983,ATTCCTGTAATC,GTGCTTCCAAGA
,,CZB-NXT-i7-01368-CZB-NXT-i5-00984,AGATTGGCGAAA,CACACAGGCTTT
,,CZB-NXT-i7-01369-CZB-NXT-i5-00985,TCTATTATGGAA,TACATAAAGTCA
,,CZB-NXT-i7-01370-CZB-NXT-i5-00986,CTTATGAAATGG,ACAACATCTTCC
,,CZB-NXT-i7-01371-CZB-NXT-i5-00987,AACAGGTTAGAG,TGGAGCCAATCC
,,CZB-NXT-i7-01372-CZB-NXT-i5-00988,CTTACTTGCGTA,TTTCTCCCGTGT
,,CZB-NXT-i7-01373-CZB-NXT-i5-00989,AATCGTGGTGGG,TGTGAATGTCCA
,,CZB-NXT-i7-01374-CZB-NXT-i5-00990,GATGAGTTCGCA,CGGTGCCCGATA
,,CZB-NXT-i7-01375-CZB-NXT-i5-00991,GGTGTCCCTCGG,ATCTGCGGGTGG
,,CZB-NXT-i7-01376-CZB-NXT-i5-00992,TTGTTCCCTCCG,CGACGAAATCAA
,,CZB-NXT-i7-01377-CZB-NXT-i5-00993,TAAATACTGTCA,AGGGCGTTCGTC
,,CZB-NXT-i7-01378-CZB-NXT-i5-00994,TAGGCTTGTATG,TCCGACAACTGA
,,CZB-NXT-i7-01379-CZB-NXT-i5-00995,TCCTGGCGGGAA,TCCCGAGTGCGT
,,CZB-NXT-i7-01380-CZB-NXT-i5-00996,ACAATGCTCGTA,CGGCGGCGTAAA
,,CZB-NXT-i7-01381-CZB-NXT-i5-00997,GGCTAAGTCGCT,TTCATAGACCAA
,,CZB-NXT-i7-01382-CZB-NXT-i5-00998,TGTCAGGTAGAA,CTAATACGCCCG
,,CZB-NXT-i7-01383-CZB-NXT-i5-00999,TGGTCCAATAGA,TTGACTCGTGCG
,,CZB-NXT-i7-01384-CZB-NXT-i5-01000,TAGCCCACTTGA,TTTCAGGGCGTT
,,CZB-NXT-i7-01385-CZB-NXT-i5-01001,AGATGCCCAGAA,TACACCACCGAA
,,CZB-NXT-i7-01386-CZB-NXT-i5-01002,CTCATACAGAAG,TTTCCGTGTGCT
,,CZB-NXT-i7-01387-CZB-NXT-i5-01003,TAGCGAAAGCCC,TGGCTGCGGCGT
,,CZB-NXT-i7-01388-CZB-NXT-i5-01004,CTTATGTTCTGA,TCTCCGACTAAG
,,CZB-NXT-i7-01389-CZB-NXT-i5-01005,CCTCATAGAGAG,GTAAATAGTCAA
,,CZB-NXT-i7-01390-CZB-NXT-i5-01006,TACGAGGACTGG,TAGGCACTACAA
,,CZB-NXT-i7-01391-CZB-NXT-i5-01007,ACGCATCCACGC,CGCTCTATTGGC
,,CZB-NXT-i7-01392-CZB-NXT-i5-01008,ACACTAAGTATG,GCATAGAATGTA
,,CZB-NXT-i7-01393-CZB-NXT-i5-01009,TGTTTCGTAAGG,TTGCCGCTATTC
,,CZB-NXT-i7-01394-CZB-NXT-i5-01010,GGCACTGGTCCA,CCACTTGGAGGC
,,CZB-NXT-i7-01395-CZB-NXT-i5-01011,CTCCTTTGTTTA,CTATTGACAAAG
,,CZB-NXT-i7-01396-CZB-NXT-i5-01012,TTGACAGTGGAA,TCCGCTTACCTG
,,CZB-NXT-i7-01397-CZB-NXT-i5-01013,TGTTCCGTGCGA,GGCATCGCAGAT
,,CZB-NXT-i7-01398-CZB-NXT-i5-01014,AGAATAGGAGCG,TACCACATCGGG
,,CZB-NXT-i7-01399-CZB-NXT-i5-01015,ATGATTATTCCA,GCTTATGACTCG
,,CZB-NXT-i7-01400-CZB-NXT-i5-01016,TAAGGAGAGGTG,CCAACCGAAAGC
,,CZB-NXT-i7-01401-CZB-NXT-i5-01017,GAGTCCGTGCCA,TTTGCCCGTCGT
,,CZB-NXT-i7-01402-CZB-NXT-i5-01018,ACCAACCCGTGG,TAGGCAGTTCCC
,,CZB-NXT-i7-01403-CZB-NXT-i5-01019,ATGCTATTATCA,TGTGTTGATTTC
,,CZB-NXT-i7-01404-CZB-NXT-i5-01020,AGCACCTCGGCA,ACAAAGACGACG
,,CZB-NXT-i7-01405-CZB-NXT-i5-01021,TTGTCCCGTCAA,TCGTGCTTTCTG
,,CZB-NXT-i7-01406-CZB-NXT-i5-01022,TCGGCGGACCTC,AGCGAAGACGCA
,,CZB-NXT-i7-01407-CZB-NXT-i5-01023,GCAAGTGCGGTC,GTGAGCGAAGAA
,,CZB-NXT-i7-01408-CZB-NXT-i5-01024,CCGTTGATGAAA,TGTTCACCCACA
,,CZB-NXT-i7-01409-CZB-NXT-i5-01025,TGGTCGTGAAGC,GGATTGAGTCCC
,,CZB-NXT-i7-01410-CZB-NXT-i5-01026,GCAGCCTGGGAA,GGATGGCTCGTA
,,CZB-NXT-i7-01411-CZB-NXT-i5-01027,GAGGAAGCCAAA,TTATCGGATGTA
,,CZB-NXT-i7-01412-CZB-NXT-i5-01028,AGGGAACCCGTG,CGGACTTGTGGG
,,CZB-NXT-i7-01413-CZB-NXT-i5-01029,GGTCCGTTCAGA,TTCTCTCCACGC
,,CZB-NXT-i7-01414-CZB-NXT-i5-01030,GCACACTCCAAA,CTCGCAGACCGA
,,CZB-NXT-i7-01415-CZB-NXT-i5-01031,AGAGTGTAAAGA,TTGTGTTCATCG
,,CZB-NXT-i7-01416-CZB-NXT-i5-01032,AACTCCCTATGA,GCGACTTCCCAT
,,CZB-NXT-i7-01417-CZB-NXT-i5-01033,TGGGAGATTACA,TCTCTGAAATCG
,,CZB-NXT-i7-01418-CZB-NXT-i5-01034,GCTGAAGACACC,TTCAGACACAAT
,,CZB-NXT-i7-01419-CZB-NXT-i5-01035,CGGCACGGAGAA,CTTATCAGTGAA
,,CZB-NXT-i7-01420-CZB-NXT-i5-01036,GTAACTACCGTG,GCCTGATGAGGG
,,CZB-NXT-i7-01421-CZB-NXT-i5-01037,CAATACCTCTGC,TCGTTGTAAGTC
,,CZB-NXT-i7-01422-CZB-NXT-i5-01038,CCGACTGGTAAG,ACTCCTACCGAC
,,CZB-NXT-i7-01423-CZB-NXT-i5-01039,GGGAAGGAGCAG,ACCCAGTTAGCG
,,CZB-NXT-i7-01424-CZB-NXT-i5-01040,GGTTTCTGGTCC,TGTAGATTTACT
,,CZB-NXT-i7-01425-CZB-NXT-i5-01041,CTTACGAAAGAA,CAGGTAAACACG
,,CZB-NXT-i7-01426-CZB-NXT-i5-01042,GCATAAGCATCG,TCAAGATGCGGT
,,CZB-NXT-i7-01427-CZB-NXT-i5-01043,ATAGACGGCTCA,CGTAAATGTTCT
,,CZB-NXT-i7-01428-CZB-NXT-i5-01044,CGCCCTCGCTAA,TCCGTGGGATAC
,,CZB-NXT-i7-01429-CZB-NXT-i5-01045,ATACACTCGCCG,TCCTGTAAACAC
,,CZB-NXT-i7-01430-CZB-NXT-i5-01046,GGACTTTAGCGA,CGGATTGCCGCT
,,CZB-NXT-i7-01431-CZB-NXT-i5-01047,CGGGCATACTGA,CGAGCCCGCACT
,,CZB-NXT-i7-01432-CZB-NXT-i5-01048,GTAACCCATCTC,TAACTGGAGGGT
,,CZB-NXT-i7-01433-CZB-NXT-i5-01049,AAACTAACAGCG,CGTGGACAACGA
,,CZB-NXT-i7-01434-CZB-NXT-i5-01050,GACTTGTCATCT,CAAGGAGATTTA
,,CZB-NXT-i7-01435-CZB-NXT-i5-01051,GCTCTGGCTGTC,CGGTTCGCCTAT
,,CZB-NXT-i7-01436-CZB-NXT-i5-01052,AGGGTCGTTAGA,TGGCAGCCGATG
,,CZB-NXT-i7-01437-CZB-NXT-i5-01053,ACTTATGTCGTA,GAGGTTGCTCAC
,,CZB-NXT-i7-01438-CZB-NXT-i5-01054,TTCTGAACTCGG,TCGGTTTCTCGT
,,CZB-NXT-i7-01439-CZB-NXT-i5-01055,GCTATGATGCCC,TGAACCTACTCG
,,CZB-NXT-i7-01440-CZB-NXT-i5-01056,TGTCGGAGGTTA,AACACGCTCCTA
,,CZB-NXT-i7-01441-CZB-NXT-i5-01057,ACAGCCGATTTG,CCCATCCAGGCA
,,CZB-NXT-i7-01442-CZB-NXT-i5-01058,AATAGTAAGCAA,CCGTGACCTCTG
,,CZB-NXT-i7-01443-CZB-NXT-i5-01059,CTGTCGGTCCAA,TGTCCTGTCGGG
,,CZB-NXT-i7-01444-CZB-NXT-i5-01060,ATTTGTGCGGGA,TCGGCACTTGAT
,,CZB-NXT-i7-01445-CZB-NXT-i5-01061,AGAAGAACCTGA,CCATCTTTGCCC
,,CZB-NXT-i7-01446-CZB-NXT-i5-01062,GAGGTAGGATTA,GCAGCAGGAGAA
,,CZB-NXT-i7-01447-CZB-NXT-i5-01063,GCATAGTAGCCG,GAAAGTTGATGC
,,CZB-NXT-i7-01448-CZB-NXT-i5-01064,TTCGCACCGCAA,CACAGAGGGTCA
,,CZB-NXT-i7-01449-CZB-NXT-i5-01065,TCGCAACCTATG,TCACCTTCTTAG
,,CZB-NXT-i7-01450-CZB-NXT-i5-01066,CGGGTTTACGAA,TAGGTAATCGTA
,,CZB-NXT-i7-01451-CZB-NXT-i5-01067,ATGTCCCATTAG,TACGGGCTTATT
,,CZB-NXT-i7-01452-CZB-NXT-i5-01068,CCATTCTCGCTG,CGCCTCCCATAC
,,CZB-NXT-i7-01453-CZB-NXT-i5-01069,CAGTATGTAAGA,CAATCCTATTTG
,,CZB-NXT-i7-01454-CZB-NXT-i5-01070,TGGTTGGGTCCG,AAGGGCAAGAGA
,,CZB-NXT-i7-01455-CZB-NXT-i5-01071,GCGACAACCGAC,GTGCCCGTGAGC
,,CZB-NXT-i7-01456-CZB-NXT-i5-01072,TTGGACTGGGAC,TCACTCAAGGCT
,,CZB-NXT-i7-01457-CZB-NXT-i5-01073,AGTGCCCGTCAG,ACAAGCCTTCTG
,,CZB-NXT-i7-01458-CZB-NXT-i5-01074,TGACCGACTTTA,TCCTCACGCCCG
,,CZB-NXT-i7-01459-CZB-NXT-i5-01075,CTAACATCGTGG,TACGAAATGGTT
,,CZB-NXT-i7-01460-CZB-NXT-i5-01076,ACCACAAACAAA,GTCCGTATTGGC
,,CZB-NXT-i7-01461-CZB-NXT-i5-01077,CGATGGTGTCCA,AAAGCCCTGGAA
,,CZB-NXT-i7-01462-CZB-NXT-i5-01078,TTAGGCGGCAGA,GTAAGTATTAGG
,,CZB-NXT-i7-01463-CZB-NXT-i5-01079,ATTGGAGGTCCG,TGTTGAGCCAGG
,,CZB-NXT-i7-01464-CZB-NXT-i5-01080,AATGTGCTTGTG,TAATGGCTAATA
,,CZB-NXT-i7-01465-CZB-NXT-i5-01081,GTCTAAGCAACA,TAGTTTGACCCT
,,CZB-NXT-i7-01466-CZB-NXT-i5-01082,AGTCGCTATTTA,CGAGCCTCTGGG
,,CZB-NXT-i7-01467-CZB-NXT-i5-01083,GGAGGCTACAAA,TGTTCATTACAT
,,CZB-NXT-i7-01468-CZB-NXT-i5-01084,TGAAGCCAGAGG,TGAACCAGGAAC
,,CZB-NXT-i7-01469-CZB-NXT-i5-01085,TAGCAAATCTGT,CCCTCGTGCCGT
,,CZB-NXT-i7-01470-CZB-NXT-i5-01086,ATCTCAGGCTCG,TTCACGCTGCCT
,,CZB-NXT-i7-01471-CZB-NXT-i5-01087,AAATAGTCGCAG,CAACTAATCACA
,,CZB-NXT-i7-01472-CZB-NXT-i5-01088,AGCGAGGAGCAT,TACGCTCTACCT
,,CZB-NXT-i7-01473-CZB-NXT-i5-01089,CAGGCAGCACTT,TTAGTTTCACCG
,,CZB-NXT-i7-01474-CZB-NXT-i5-01090,GTCATTGCCAGA,TTGTGTTCCAAC
,,CZB-NXT-i7-01475-CZB-NXT-i5-01091,TATTGAACCATA,GCAAGGTATCAA
,,CZB-NXT-i7-01476-CZB-NXT-i5-01092,TCTATTCTGTCC,GAAGCACTCTTG
,,CZB-NXT-i7-01477-CZB-NXT-i5-01093,ACCTACCTGTAA,TAATAGACTTCG
,,CZB-NXT-i7-01478-CZB-NXT-i5-01094,CCGTTGAACCCG,GAATAGCACATC
,,CZB-NXT-i7-01479-CZB-NXT-i5-01095,ACTCCCGTCAAA,TGGGTATGAGAC
,,CZB-NXT-i7-01480-CZB-NXT-i5-01096,GGTCTTTCACGG,TCAATCCAATGG
,,CZB-NXT-i7-01481-CZB-NXT-i5-01097,TGGCATACCTAA,GAATGTGCCAGT
,,CZB-NXT-i7-01482-CZB-NXT-i5-01098,ACAGTCTTTCTT,GCAAGATAGTTT
,,CZB-NXT-i7-01483-CZB-NXT-i5-01099,CGGCATTTATTT,CCAGGTGCCTCA
,,CZB-NXT-i7-01484-CZB-NXT-i5-01100,TTACGCATTCTC,AGCGGGAAACTG
,,CZB-NXT-i7-01485-CZB-NXT-i5-01101,CCTCCAGGCAGG,GGTCTCAAGCCT
,,CZB-NXT-i7-01486-CZB-NXT-i5-01102,TGTAACTCCACT,TACGCTGGGAAA
,,CZB-NXT-i7-01487-CZB-NXT-i5-01103,CTTATTCATCCG,TACCACGGCTAC
,,CZB-NXT-i7-01488-CZB-NXT-i5-01104,GGGTCCTATGGG,TAACTAACGGGA
,,CZB-NXT-i7-01489-CZB-NXT-i5-01105,GAGAGACCACCA,CTCCTCGTAAAT
,,CZB-NXT-i7-01490-CZB-NXT-i5-01106,TTGCGATGCTTC,TGAGTAGGTCTA
,,CZB-NXT-i7-01491-CZB-NXT-i5-01107,ATCCAAGTAACG,GGGAATAAGGAG
,,CZB-NXT-i7-01492-CZB-NXT-i5-01108,TCTCGGACGACA,CCAAGTATTGCT
,,CZB-NXT-i7-01493-CZB-NXT-i5-01109,TAATAACTCCTG,TGGCACTGGCAT
,,CZB-NXT-i7-01494-CZB-NXT-i5-01110,ACTTGACAGAGG,GTATCAATGACA
,,CZB-NXT-i7-01495-CZB-NXT-i5-01111,TACAAAGGACCG,CAAGTGGTCTTT
,,CZB-NXT-i7-01496-CZB-NXT-i5-01112,GTGCCAAGGACT,CGTTCCAGCGTG
,,CZB-NXT-i7-01497-CZB-NXT-i5-01113,TTTGATAGGGTA,CCCAGAGCAACA
,,CZB-NXT-i7-01498-CZB-NXT-i5-01114,TAGCCAAACTAA,TCAGAGAAATAG
,,CZB-NXT-i7-01499-CZB-NXT-i5-01115,CATCGCACTACG,GGGTATTCTCGC
,,CZB-NXT-i7-01500-CZB-NXT-i5-01116,TGACATCTACTA,GATGATTGCCAT
,,CZB-NXT-i7-01501-CZB-NXT-i5-01117,ATGCCGAAAGCA,TGGCTCAAGTAG
,,CZB-NXT-i7-01502-CZB-NXT-i5-01118,AGAATACATTTC,TTCGGGACCTAC
,,CZB-NXT-i7-01503-CZB-NXT-i5-01119,GTCATTCTTATG,TAAGCGGGAACC
,,CZB-NXT-i7-01504-CZB-NXT-i5-01120,CTAACTAAGAGA,CGCTCTACAAGA
,,CZB-NXT-i7-01505-CZB-NXT-i5-01121,TACGGCGTGGAA,TAGTATGGACTT
,,CZB-NXT-i7-01506-CZB-NXT-i5-01122,TGCTTAGTCCAA,ATACTTTCGGGT
,,CZB-NXT-i7-01507-CZB-NXT-i5-01123,ACTCTTCGTTTG,AGATACTTCGTA
,,CZB-NXT-i7-01508-CZB-NXT-i5-01124,ATGAACGCATAA,TGGTGTCGTATT
,,CZB-NXT-i7-01509-CZB-NXT-i5-01125,GTATTATCAGGC,TTGGACCGCTCC
,,CZB-NXT-i7-01510-CZB-NXT-i5-01126,GCTCAAAGTGCG,CACGAGGGACGA
,,CZB-NXT-i7-01511-CZB-NXT-i5-01127,CTAATCAAGTAA,GTGAGGTCCTAC
,,CZB-NXT-i7-01512-CZB-NXT-i5-01128,GGCAGAGTGGGA,TGTAGATGGTCG
,,CZB-NXT-i7-01513-CZB-NXT-i5-01129,TCGGTGACACGA,CGAGGTATGAGA
,,CZB-NXT-i7-01514-CZB-NXT-i5-01130,GGGTTGTTTGTG,TGAACATTTGGG
,,CZB-NXT-i7-01515-CZB-NXT-i5-01131,TTGGGTTGAATA,CATTGACTTGGC
,,CZB-NXT-i7-01516-CZB-NXT-i5-01132,TGGAACGCCAAA,ACGCCGACTCCA
,,CZB-NXT-i7-01517-CZB-NXT-i5-01133,CAGTAATGTTGC,GGCACTTCTTCC
,,CZB-NXT-i7-01518-CZB-NXT-i5-01134,GACCTCCCTATC,CAGGCGAGGATT
,,CZB-NXT-i7-01519-CZB-NXT-i5-01135,AGACTTCCGTAG,TTTCTGGACAAC
,,CZB-NXT-i7-01520-CZB-NXT-i5-01136,GCACCGCCCTTC,TGGTTCTGCCTC
,,CZB-NXT-i7-01521-CZB-NXT-i5-01137,ACGGCTACGGCT,CCCGTTGACATT
,,CZB-NXT-i7-01522-CZB-NXT-i5-01138,TCGGCACAGCGG,GGTGCTACAGTT
,,CZB-NXT-i7-01523-CZB-NXT-i5-01139,CTGAGATGATGT,AAAGATGGTGGC
,,CZB-NXT-i7-01524-CZB-NXT-i5-01140,GACACCCAGAAG,TAACGATGAATC
,,CZB-NXT-i7-01525-CZB-NXT-i5-01141,GGACTTACGCTC,TGGATGATTGTC
,,CZB-NXT-i7-01526-CZB-NXT-i5-01142,CTCTAAGGTCAG,TCCATTGTTACA
,,CZB-NXT-i7-01527-CZB-NXT-i5-01143,CTATCTAATGTA,CTCCCTTCCACA
,,CZB-NXT-i7-01528-CZB-NXT-i5-01144,AGCCCTTGGGTA,TACAGATTTAGG
,,CZB-NXT-i7-01529-CZB-NXT-i5-01145,CTTAGCATAACA,TTCGGTGAGACC
,,CZB-NXT-i7-01530-CZB-NXT-i5-01146,TAAGGATACTCC,TCGTAGTCTGGG
,,CZB-NXT-i7-01531-CZB-NXT-i5-01147,CTGGGAGCGTGA,TTCCTCGTTAGG
,,CZB-NXT-i7-01532-CZB-NXT-i5-01148,TGTGACTCTTGC,TGTAGACACCCG
,,CZB-NXT-i7-01533-CZB-NXT-i5-01149,GGGTCGCTTCTA,CGCCATTACGCA
,,CZB-NXT-i7-01534-CZB-NXT-i5-01150,CATAGTCCGTTC,TGAGCCTATGTT
,,CZB-NXT-i7-01535-CZB-NXT-i5-01151,CTCCAACAATCT,GGTAGGTGTCCG
,,CZB-NXT-i7-01536-CZB-NXT-i5-01152,CAAAGAAATGTA,CGATTTGTTCGC