I7_Index_ID,I5_Index_ID,index,index2,Sample_ID,Sample_Name,well_id
NEXT-i7-IDT-89,NEXT-i5-IDT-1,GTTCTCGT,ACGATCAG,,,A1
NEXT-i7-IDT-185,NEXT-i5-IDT-97,GCCACTTA,TGATAGGC,,,A2
NEXT-i7-IDT-1,NEXT-i5-IDT-9,CTGATCGT,ATTAGCCG,,,A3
NEXT-i7-IDT-97,NEXT-i5-IDT-105,GCCTATCA,CCAAGTAG,,,A4
NEXT-i7-IDT-9,NEXT-i5-IDT-17,CGGCTAAT,AGATCGTC,,,A5
NEXT-i7-IDT-105,NEXT-i5-IDT-113,CTACTTGG,GTCAGTCA,,,A6
NEXT-i7-IDT-17,NEXT-i5-IDT-25,GACGATCT,GATCAAGG,,,A7
NEXT-i7-IDT-113,NEXT-i5-IDT-121,TGACTGAC,ACAAGCTC,,,A8
NEXT-i7-IDT-25,NEXT-i5-IDT-33,CCTTGATC,CACTTCAC,,,A9
NEXT-i7-IDT-121,NEXT-i5-IDT-129,GAGCTTGT,CTAACCTG,,,A10
NEXT-i7-IDT-33,NEXT-i5-IDT-41,GTGAAGTG,CGAACAAC,,,A11
NEXT-i7-IDT-129,NEXT-i5-IDT-137,CAGGTTAG,AACACCAC,,,A12
NEXT-i7-IDT-41,NEXT-i5-IDT-49,GTTGTTCG,TACTGCTC,,,A13
NEXT-i7-IDT-137,NEXT-i5-IDT-145,GTGGTGTT,ATTCCGCT,,,A14
NEXT-i7-IDT-49,NEXT-i5-IDT-57,GAGCAGTA,GACGTCAT,,,A15
NEXT-i7-IDT-145,NEXT-i5-IDT-153,AGCGGAAT,CTCAAGCT,,,A16
NEXT-i7-IDT-57,NEXT-i5-IDT-65,ATGACGTC,ATAGAGCG,,,A17
NEXT-i7-IDT-153,NEXT-i5-IDT-161,AGCTTGAG,CACAGGAA,,,A18
NEXT-i7-IDT-65,NEXT-i5-IDT-73,CGCTCTAT,AGGTCAAC,,,A19
NEXT-i7-IDT-161,NEXT-i5-IDT-169,TTCCTGTG,AGAAGGAC,,,A20
NEXT-i7-IDT-73,NEXT-i5-IDT-81,GTTGACCT,TAACGTCG,,,A21
NEXT-i7-IDT-169,NEXT-i5-IDT-177,GTCCTTCT,CTCGAACA,,,A22
NEXT-i7-IDT-81,NEXT-i5-IDT-89,CGACGTTA,ACGAGAAC,,,A23
NEXT-i7-IDT-177,NEXT-i5-IDT-185,TGTTCGAG,TAAGTGGC,,,A24
NEXT-i7-IDT-281,NEXT-i5-IDT-193,ACCATGTG,GAACGAAG,,,B1
NEXT-i7-IDT-377,NEXT-i5-IDT-289,AATGCCTC,AGGCAATG,,,B2
NEXT-i7-IDT-193,NEXT-i5-IDT-201,CTTCGTTC,ACTGCTTG,,,B3
NEXT-i7-IDT-289,NEXT-i5-IDT-297,CATTGCCT,ATGCCTAG,,,B4
NEXT-i7-IDT-201,NEXT-i5-IDT-209,CAAGCAGT,AACACTGG,,,B5
NEXT-i7-IDT-297,NEXT-i5-IDT-305,CTAGGCAT,AAGGAGAC,,,B6
NEXT-i7-IDT-209,NEXT-i5-IDT-217,CCAGTGTT,GTTGCTGT,,,B7
NEXT-i7-IDT-305,NEXT-i5-IDT-313,GTCTCCTT,CTAGGTTG,,,B8
NEXT-i7-IDT-217,NEXT-i5-IDT-225,ACAGCAAC,CACCAGTT,,,B9
NEXT-i7-IDT-313,NEXT-i5-IDT-321,CAACCTAG,AACGCACA,,,B10
NEXT-i7-IDT-225,NEXT-i5-IDT-233,AACTGGTG,AAGGAAGG,,,B11
NEXT-i7-IDT-321,NEXT-i5-IDT-329,TGTGCGTT,CGCAACTA,,,B12
NEXT-i7-IDT-233,NEXT-i5-IDT-241,CCTTCCTT,TGCACTTG,,,B13
NEXT-i7-IDT-329,NEXT-i5-IDT-337,TAGTTGCG,CCTAAGTC,,,B14
NEXT-i7-IDT-241,NEXT-i5-IDT-249,CAAGTGCA,ACAACAGC,,,B15
NEXT-i7-IDT-337,NEXT-i5-IDT-345,GACTTAGG,GACATCTC,,,B16
NEXT-i7-IDT-249,NEXT-i5-IDT-257,GCTGTTGT,TAGAACGC,,,B17
NEXT-i7-IDT-345,NEXT-i5-IDT-353,GAGATGTC,AGTGCATC,,,B18
NEXT-i7-IDT-257,NEXT-i5-IDT-265,GCGTTCTA,TCAGCCTT,,,B19
NEXT-i7-IDT-353,NEXT-i5-IDT-361,GATGCACT,CAACTGAC,,,B20
NEXT-i7-IDT-265,NEXT-i5-IDT-273,AAGGCTGA,GCCAGAAT,,,B21
NEXT-i7-IDT-361,NEXT-i5-IDT-369,GTCAGTTG,AGAAGCCT,,,B22
NEXT-i7-IDT-273,NEXT-i5-IDT-281,ATTCTGGC,CACATGGT,,,B23
NEXT-i7-IDT-369,NEXT-i5-IDT-377,AGGCTTCT,GAGGCATT,,,B24
NEXT-i7-IDT-90,NEXT-i5-IDT-2,TCAGGCTT,TCGAGAGT,,,C1
NEXT-i7-IDT-186,NEXT-i5-IDT-98,ACCTGACT,CATCCAAG,,,C2
NEXT-i7-IDT-2,NEXT-i5-IDT-10,ACTCTCGA,CGATCGAT,,,C3
NEXT-i7-IDT-98,NEXT-i5-IDT-106,CTTGGATG,AACTGAGG,,,C4
NEXT-i7-IDT-10,NEXT-i5-IDT-18,ATCGATCG,GCTCAGTT,,,C5
NEXT-i7-IDT-106,NEXT-i5-IDT-114,CCTCAGTT,CACGTCTA,,,C6
NEXT-i7-IDT-18,NEXT-i5-IDT-26,AACTGAGC,TCTTCGAC,,,C7
NEXT-i7-IDT-114,NEXT-i5-IDT-122,TAGACGTG,GAACCTTC,,,C8
NEXT-i7-IDT-26,NEXT-i5-IDT-34,GTCGAAGA,TAGCCATG,,,C9
NEXT-i7-IDT-122,NEXT-i5-IDT-130,GAAGGTTC,AGCCAACT,,,C10
NEXT-i7-IDT-34,NEXT-i5-IDT-42,CATGGCTA,AACAACCG,,,C11
NEXT-i7-IDT-130,NEXT-i5-IDT-138,AGTTGGCT,GTAAGCAC,,,C12
NEXT-i7-IDT-42,NEXT-i5-IDT-50,CGGTTGTT,GACGAACT,,,C13
NEXT-i7-IDT-138,NEXT-i5-IDT-146,GTGCTTAC,AAGCTCAC,,,C14
NEXT-i7-IDT-50,NEXT-i5-IDT-58,AGTTCGTC,ACGTCCAA,,,C15
NEXT-i7-IDT-146,NEXT-i5-IDT-154,GTGAGCTT,AACCACTC,,,C16
NEXT-i7-IDT-58,NEXT-i5-IDT-66,TTGGACGT,GACCGATA,,,C17
NEXT-i7-IDT-154,NEXT-i5-IDT-162,GAGTGGTT,ACTCAACG,,,C18
NEXT-i7-IDT-66,NEXT-i5-IDT-74,TATCGGTC,TACACACG,,,C19
NEXT-i7-IDT-162,NEXT-i5-IDT-170,CGTTGAGT,GCGTATCA,,,C20
NEXT-i7-IDT-74,NEXT-i5-IDT-82,CGTGTGTA,AAGGCGTA,,,C21
NEXT-i7-IDT-170,NEXT-i5-IDT-178,TGATACGC,ACATGGAG,,,C22
NEXT-i7-IDT-82,NEXT-i5-IDT-90,TACGCCTT,AAGCCTGA,,,C23
NEXT-i7-IDT-178,NEXT-i5-IDT-186,CTCCATGT,AGTCAGGT,,,C24
NEXT-i7-IDT-282,NEXT-i5-IDT-194,CTAACTCG,ACCTAGAC,,,D1
NEXT-i7-IDT-378,NEXT-i5-IDT-290,TGAGGTGT,TCACCTAG,,,D2
NEXT-i7-IDT-194,NEXT-i5-IDT-202,GTCTAGGT,GCCTATGT,,,D3
NEXT-i7-IDT-290,NEXT-i5-IDT-298,CTAGGTGA,CAACTCCA,,,D4
NEXT-i7-IDT-202,NEXT-i5-IDT-210,ACATAGGC,TTGGTGCA,,,D5
NEXT-i7-IDT-298,NEXT-i5-IDT-306,TGGAGTTG,TGTCGACT,,,D6
NEXT-i7-IDT-210,NEXT-i5-IDT-218,TGCACCAA,AGAACCAG,,,D7
NEXT-i7-IDT-306,NEXT-i5-IDT-314,AGTCGACA,GTGTCCTT,,,D8
NEXT-i7-IDT-218,NEXT-i5-IDT-226,CTGGTTCT,GTATTCCG,,,D9
NEXT-i7-IDT-314,NEXT-i5-IDT-322,AAGGACAC,TAGTCTCG,,,D10
NEXT-i7-IDT-226,NEXT-i5-IDT-234,CGGAATAC,AGCGTGTA,,,D11
NEXT-i7-IDT-322,NEXT-i5-IDT-330,CGAGACTA,TCCGATCA,,,D12
NEXT-i7-IDT-234,NEXT-i5-IDT-242,TACACGCT,TCACTCGA,,,D13
NEXT-i7-IDT-330,NEXT-i5-IDT-338,TGATCGGA,TTCGTACG,,,D14
NEXT-i7-IDT-242,NEXT-i5-IDT-250,TCGAGTGA,AGCCGTAA,,,D15
NEXT-i7-IDT-338,NEXT-i5-IDT-346,CGTACGAA,CAACCGTA,,,D16
NEXT-i7-IDT-250,NEXT-i5-IDT-258,TTACGGCT,AACCAGAG,,,D17
NEXT-i7-IDT-346,NEXT-i5-IDT-354,TACGGTTG,GCATTGGT,,,D18
NEXT-i7-IDT-258,NEXT-i5-IDT-266,CTCTGGTT,AAGCATCG,,,D19
NEXT-i7-IDT-354,NEXT-i5-IDT-362,ACCAATGC,TGCTCTAC,,,D20
NEXT-i7-IDT-266,NEXT-i5-IDT-274,CGATGCTT,CGAGAGAA,,,D21
NEXT-i7-IDT-362,NEXT-i5-IDT-370,GTAGAGCA,CACGATTC,,,D22
NEXT-i7-IDT-274,NEXT-i5-IDT-282,TTCTCTCG,CGAGTTAG,,,D23
NEXT-i7-IDT-370,NEXT-i5-IDT-378,GAATCGTG,ACACCTCA,,,D24
NEXT-i7-IDT-91,NEXT-i5-IDT-3,CCTTGTAG,CTAGCTCA,,,E1
NEXT-i7-IDT-187,NEXT-i5-IDT-99,GTTAAGGC,GTGAGACT,,,E2
NEXT-i7-IDT-3,NEXT-i5-IDT-11,TGAGCTAG,GATCTTGC,,,E3
NEXT-i7-IDT-99,NEXT-i5-IDT-107,AGTCTCAC,AGGTAGGA,,,E4
NEXT-i7-IDT-11,NEXT-i5-IDT-19,GCAAGATC,GTCCTAAG,,,E5
NEXT-i7-IDT-107,NEXT-i5-IDT-115,TCCTACCT,AATTCCGG,,,E6
NEXT-i7-IDT-19,NEXT-i5-IDT-27,CTTAGGAC,ATCGTGGT,,,E7
NEXT-i7-IDT-115,NEXT-i5-IDT-123,CCGGAATT,AGCGAGAT,,,E8
NEXT-i7-IDT-27,NEXT-i5-IDT-35,ACCACGAT,ACAGGCAT,,,E9
NEXT-i7-IDT-123,NEXT-i5-IDT-131,ATCTCGCT,CCAGTTGA,,,E10
NEXT-i7-IDT-35,NEXT-i5-IDT-43,ATGCCTGT,ACCTCAGT,,,E11
NEXT-i7-IDT-131,NEXT-i5-IDT-139,TCAACTGG,GTCCTTGA,,,E12
NEXT-i7-IDT-43,NEXT-i5-IDT-51,ACTGAGGT,CTTCGCAA,,,E13
NEXT-i7-IDT-139,NEXT-i5-IDT-147,TCAAGGAC,TGATCACG,,,E14
NEXT-i7-IDT-51,NEXT-i5-IDT-59,TTGCGAAG,GATCCACT,,,E15
NEXT-i7-IDT-147,NEXT-i5-IDT-155,CGTGATCA,CTTACAGC,,,E16
NEXT-i7-IDT-59,NEXT-i5-IDT-67,AGTGGATC,CAGACGTT,,,E17
NEXT-i7-IDT-155,NEXT-i5-IDT-163,GCTGTAAG,AAGCGACT,,,E18
NEXT-i7-IDT-67,NEXT-i5-IDT-75,AACGTCTG,CAAGTCGT,,,E19
NEXT-i7-IDT-163,NEXT-i5-IDT-171,AGTCGCTT,CAACACAG,,,E20
NEXT-i7-IDT-75,NEXT-i5-IDT-83,ACGACTTG,TCTTACGG,,,E21
NEXT-i7-IDT-171,NEXT-i5-IDT-179,CTGTGTTG,ACAAGACG,,,E22
NEXT-i7-IDT-83,NEXT-i5-IDT-91,CCGTAAGA,CTACAAGG,,,E23
NEXT-i7-IDT-179,NEXT-i5-IDT-187,CGTCTTGT,GCCTTAAC,,,E24
NEXT-i7-IDT-283,NEXT-i5-IDT-195,GCTTAGCT,TACGACGT,,,F1
NEXT-i7-IDT-379,NEXT-i5-IDT-291,ACATTGCG,CATACGGA,,,F2
NEXT-i7-IDT-195,NEXT-i5-IDT-203,ACGTCGTA,GTACCACA,,,F3
NEXT-i7-IDT-291,NEXT-i5-IDT-299,TCCGTATG,AAGTCCTC,,,F4
NEXT-i7-IDT-203,NEXT-i5-IDT-211,TGTGGTAC,CCTGTCAA,,,F5
NEXT-i7-IDT-299,NEXT-i5-IDT-307,GAGGACTT,TCAATCCG,,,F6
NEXT-i7-IDT-211,NEXT-i5-IDT-219,TTGACAGG,GATGTCGA,,,F7
NEXT-i7-IDT-307,NEXT-i5-IDT-315,CGGATTGA,TACCTGCA,,,F8
NEXT-i7-IDT-219,NEXT-i5-IDT-227,TCGACATC,TTCGAAGC,,,F9
NEXT-i7-IDT-315,NEXT-i5-IDT-323,TGCAGGTA,ACTCTGAG,,,F10
NEXT-i7-IDT-227,NEXT-i5-IDT-235,GCTTCGAA,TCTACGCA,,,F11
NEXT-i7-IDT-323,NEXT-i5-IDT-331,CTCAGAGT,CAACTTGG,,,F12
NEXT-i7-IDT-235,NEXT-i5-IDT-243,TGCGTAGA,CACTGTAG,,,F13
NEXT-i7-IDT-331,NEXT-i5-IDT-339,CCAAGTTG,TCCTGGTA,,,F14
NEXT-i7-IDT-243,NEXT-i5-IDT-251,CTACAGTG,CTCTTGTC,,,F15
NEXT-i7-IDT-339,NEXT-i5-IDT-347,TACCAGGA,TGCGATAG,,,F16
NEXT-i7-IDT-251,NEXT-i5-IDT-259,GACAAGAG,CGACCTAA,,,F17
NEXT-i7-IDT-347,NEXT-i5-IDT-355,CTATCGCA,CTTAGGAC,,,F18
NEXT-i7-IDT-259,NEXT-i5-IDT-267,TTAGGTCG,GCCAATAC,,,F19
NEXT-i7-IDT-355,NEXT-i5-IDT-363,GTCCTAAG,CATCACGT,,,F20
NEXT-i7-IDT-267,NEXT-i5-IDT-275,GTATTGGC,AACTCGGA,,,F21
NEXT-i7-IDT-363,NEXT-i5-IDT-371,ACGTGATG,AAGCTGGT,,,F22
NEXT-i7-IDT-275,NEXT-i5-IDT-283,TCCGAGTT,AGCTAAGC,,,F23
NEXT-i7-IDT-371,NEXT-i5-IDT-379,ACCAGCTT,CGCAATGT,,,F24
NEXT-i7-IDT-92,NEXT-i5-IDT-4,GAACATCG,ATCGTCTC,,,G1
NEXT-i7-IDT-188,NEXT-i5-IDT-100,ATGCCAAC,CTGATGAG,,,G2
NEXT-i7-IDT-4,NEXT-i5-IDT-12,GAGACGAT,AGGATAGC,,,G3
NEXT-i7-IDT-100,NEXT-i5-IDT-108,CTCATCAG,TTCGCCAT,,,G4
NEXT-i7-IDT-12,NEXT-i5-IDT-20,GCTATCCT,TATGGCAC,,,G5
NEXT-i7-IDT-108,NEXT-i5-IDT-116,ATGGCGAA,TCTAGGAG,,,G6
NEXT-i7-IDT-20,NEXT-i5-IDT-28,GTGCCATA,CGGTAATC,,,G7
NEXT-i7-IDT-116,NEXT-i5-IDT-124,CTCCTAGA,CCGTAACT,,,G8
NEXT-i7-IDT-28,NEXT-i5-IDT-36,GATTACCG,AGGTGTTG,,,G9
NEXT-i7-IDT-124,NEXT-i5-IDT-132,AGTTACGG,AAGTGCAG,,,G10
NEXT-i7-IDT-36,NEXT-i5-IDT-44,CAACACCT,CGTCTTCA,,,G11
NEXT-i7-IDT-132,NEXT-i5-IDT-140,CTGCACTT,CAGGTTCA,,,G12
NEXT-i7-IDT-44,NEXT-i5-IDT-52,TGAAGACG,ATGGCGAT,,,G13
NEXT-i7-IDT-140,NEXT-i5-IDT-148,TGAACCTG,CAATGCGA,,,G14
NEXT-i7-IDT-52,NEXT-i5-IDT-60,ATCGCCAT,AGCCTATC,,,G15
NEXT-i7-IDT-148,NEXT-i5-IDT-156,TCGCATTG,AGTCTTGG,,,G16
NEXT-i7-IDT-60,NEXT-i5-IDT-68,GATAGGCT,CTGAACGT,,,G17
NEXT-i7-IDT-156,NEXT-i5-IDT-164,CCAAGACT,CCTACCTA,,,G18
NEXT-i7-IDT-68,NEXT-i5-IDT-76,ACGTTCAG,AGCTAGTG,,,G19
NEXT-i7-IDT-164,NEXT-i5-IDT-172,TAGGTAGG,TCCACGTT,,,G20
NEXT-i7-IDT-76,NEXT-i5-IDT-84,CACTAGCT,CGTGTGAT,,,G21
NEXT-i7-IDT-172,NEXT-i5-IDT-180,AACGTGGA,CGCCTTAT,,,G22
NEXT-i7-IDT-84,NEXT-i5-IDT-92,ATCACACG,CGATGTTC,,,G23
NEXT-i7-IDT-180,NEXT-i5-IDT-188,ATAAGGCG,GTTGGCAT,,,G24
NEXT-i7-IDT-284,NEXT-i5-IDT-196,CATGGAAC,TTGAGCTC,,,H1
NEXT-i7-IDT-380,NEXT-i5-IDT-292,TCTCTAGG,GTCATCGT,,,H2
NEXT-i7-IDT-196,NEXT-i5-IDT-204,GAGCTCAA,TAGTGGTG,,,H3
NEXT-i7-IDT-292,NEXT-i5-IDT-300,ACGATGAC,GTCGATTG,,,H4
NEXT-i7-IDT-204,NEXT-i5-IDT-212,CACCACTA,CTATGCCT,,,H5
NEXT-i7-IDT-300,NEXT-i5-IDT-308,CAATCGAC,GACTTGTG,,,H6
NEXT-i7-IDT-212,NEXT-i5-IDT-220,AGGCATAG,AGGAGGTT,,,H7
NEXT-i7-IDT-308,NEXT-i5-IDT-316,CACAAGTC,CCTTAGGT,,,H8
NEXT-i7-IDT-220,NEXT-i5-IDT-228,AACCTCCT,AGACCTTG,,,H9
NEXT-i7-IDT-316,NEXT-i5-IDT-324,ACCTAAGG,GTTATGGC,,,H10
NEXT-i7-IDT-228,NEXT-i5-IDT-236,CAAGGTCT,TGGCTCTT,,,H11
NEXT-i7-IDT-324,NEXT-i5-IDT-332,GCCATAAC,TCAGTAGG,,,H12
NEXT-i7-IDT-236,NEXT-i5-IDT-244,AAGAGCCA,GTACGATC,,,H13
NEXT-i7-IDT-332,NEXT-i5-IDT-340,CCTACTGA,CATTGACG,,,H14
NEXT-i7-IDT-244,NEXT-i5-IDT-252,GATCGTAC,CAGATCCT,,,H15
NEXT-i7-IDT-340,NEXT-i5-IDT-348,CGTCAATG,TGGTTCGA,,,H16
NEXT-i7-IDT-252,NEXT-i5-IDT-260,AGGATCTG,CTCTCAGA,,,H17
NEXT-i7-IDT-348,NEXT-i5-IDT-356,TCGAACCA,ATAGTCGG,,,H18
NEXT-i7-IDT-260,NEXT-i5-IDT-268,TCTGAGAG,GACACAGT,,,H19
NEXT-i7-IDT-356,NEXT-i5-IDT-364,CCGACTAT,GCCACTTA,,,H20
NEXT-i7-IDT-268,NEXT-i5-IDT-276,ACTGTGTC,ACAGTTCG,,,H21
NEXT-i7-IDT-364,NEXT-i5-IDT-372,TAAGTGGC,GCAATGAG,,,H22
NEXT-i7-IDT-276,NEXT-i5-IDT-284,CGAACTGT,GTTCCATG,,,H23
NEXT-i7-IDT-372,NEXT-i5-IDT-380,CTCATTGC,CCTAGAGA,,,H24
NEXT-i7-IDT-93,NEXT-i5-IDT-5,TAACCGGT,TCGACAAG,,,I1
NEXT-i7-IDT-189,NEXT-i5-IDT-101,AGAGGTTG,ACGGTACA,,,I2
NEXT-i7-IDT-5,NEXT-i5-IDT-13,CTTGTCGA,GTAGCGTA,,,I3
NEXT-i7-IDT-101,NEXT-i5-IDT-109,TGTACCGT,CAGGTAAG,,,I4
NEXT-i7-IDT-13,NEXT-i5-IDT-21,TACGCTAC,TCGGATTC,,,I5
NEXT-i7-IDT-109,NEXT-i5-IDT-117,CTTACCTG,ATCCGTTG,,,I6
NEXT-i7-IDT-21,NEXT-i5-IDT-29,GAATCCGA,AGTTGTGC,,,I7
NEXT-i7-IDT-117,NEXT-i5-IDT-125,CAACGGAT,TCAGACAC,,,I8
NEXT-i7-IDT-29,NEXT-i5-IDT-37,GCACAACT,CAGTCACA,,,I9
NEXT-i7-IDT-125,NEXT-i5-IDT-133,GTGTCTGA,AACCGTGT,,,I10
NEXT-i7-IDT-37,NEXT-i5-IDT-45,TGTGACTG,TGCGTAAC,,,I11
NEXT-i7-IDT-133,NEXT-i5-IDT-141,ACACGGTT,CCAACACT,,,I12
NEXT-i7-IDT-45,NEXT-i5-IDT-53,GTTACGCA,ACATGCCA,,,I13
NEXT-i7-IDT-141,NEXT-i5-IDT-149,AGTGTTGG,ATGCGTCA,,,I14
NEXT-i7-IDT-53,NEXT-i5-IDT-61,TGGCATGT,AGCTACCA,,,I15
NEXT-i7-IDT-149,NEXT-i5-IDT-157,TGACGCAT,CACGCAAT,,,I16
NEXT-i7-IDT-61,NEXT-i5-IDT-69,TGGTAGCT,TTGGACTG,,,I17
NEXT-i7-IDT-157,NEXT-i5-IDT-165,ATTGCGTG,ATCTCCTG,,,I18
NEXT-i7-IDT-69,NEXT-i5-IDT-77,CAGTCCAA,CTCCTAGT,,,I19
NEXT-i7-IDT-165,NEXT-i5-IDT-173,CAGGAGAT,ATCGCAAC,,,I20
NEXT-i7-IDT-77,NEXT-i5-IDT-85,ACTAGGAG,AACAGGTG,,,I21
NEXT-i7-IDT-173,NEXT-i5-IDT-181,GTTGCGAT,AGCAGACA,,,I22
NEXT-i7-IDT-85,NEXT-i5-IDT-93,CACCTGTT,ACCGGTTA,,,I23
NEXT-i7-IDT-181,NEXT-i5-IDT-189,TGTCTGCT,CAACCTCT,,,I24
NEXT-i7-IDT-285,NEXT-i5-IDT-197,TAGGATGC,AGTACACG,,,J1
NEXT-i7-IDT-381,NEXT-i5-IDT-293,CGCTAGTA,TTACCGAC,,,J2
NEXT-i7-IDT-197,NEXT-i5-IDT-205,CGTGTACT,ATACGCAG,,,J3
NEXT-i7-IDT-293,NEXT-i5-IDT-301,GTCGGTAA,GCGTTAGA,,,J4
NEXT-i7-IDT-205,NEXT-i5-IDT-213,CTGCGTAT,TTCGGCTA,,,J5
NEXT-i7-IDT-301,NEXT-i5-IDT-309,TCTAACGC,CCGATGTA,,,J6
NEXT-i7-IDT-213,NEXT-i5-IDT-221,TAGCCGAA,AATCGCTG,,,J7
NEXT-i7-IDT-309,NEXT-i5-IDT-317,TACATCGG,CACAGACT,,,J8
NEXT-i7-IDT-221,NEXT-i5-IDT-229,CAGCGATT,CCAAGGTT,,,J9
NEXT-i7-IDT-317,NEXT-i5-IDT-325,AGTCTGTG,CTCGGTAA,,,J10
NEXT-i7-IDT-229,NEXT-i5-IDT-237,AACCTTGG,CCTTCCAT,,,J11
NEXT-i7-IDT-325,NEXT-i5-IDT-333,TTACCGAG,ACAGCAAG,,,J12
NEXT-i7-IDT-237,NEXT-i5-IDT-245,ATGGAAGG,TGGTGAAG,,,J13
NEXT-i7-IDT-333,NEXT-i5-IDT-341,CTTGCTGT,ACCTCTTC,,,J14
NEXT-i7-IDT-245,NEXT-i5-IDT-253,CTTCACCA,GATGCTAC,,,J15
NEXT-i7-IDT-341,NEXT-i5-IDT-349,GAAGAGGT,AAGCGTTC,,,J16
NEXT-i7-IDT-253,NEXT-i5-IDT-261,GTAGCATC,AGGCTGAA,,,J17
NEXT-i7-IDT-349,NEXT-i5-IDT-357,GAACGCTT,GAGACCAA,,,J18
NEXT-i7-IDT-261,NEXT-i5-IDT-269,TTCAGCCT,AAGAGGCA,,,J19
NEXT-i7-IDT-357,NEXT-i5-IDT-365,TTGGTCTC,GCTTCACA,,,J20
NEXT-i7-IDT-269,NEXT-i5-IDT-277,TGCCTCTT,TGACCGTT,,,J21
NEXT-i7-IDT-365,NEXT-i5-IDT-373,TGTGAAGC,CTCTATCG,,,J22
NEXT-i7-IDT-277,NEXT-i5-IDT-285,AACGGTCA,GCATCCTA,,,J23
NEXT-i7-IDT-373,NEXT-i5-IDT-381,CGATAGAG,TACTAGCG,,,J24
NEXT-i7-IDT-94,NEXT-i5-IDT-6,AACCGTTC,CCTTGGAA,,,K1
NEXT-i7-IDT-190,NEXT-i5-IDT-102,ACCATCCA,CTCGACTT,,,K2
NEXT-i7-IDT-6,NEXT-i5-IDT-14,TTCCAAGG,AGAGTCCA,,,K3
NEXT-i7-IDT-102,NEXT-i5-IDT-110,AAGTCGAG,GTATCGAG,,,K4
NEXT-i7-IDT-14,NEXT-i5-IDT-22,TGGACTCT,AACAGCGA,,,K5
NEXT-i7-IDT-110,NEXT-i5-IDT-118,CTCGATAC,GATAGCCA,,,K6
NEXT-i7-IDT-22,NEXT-i5-IDT-30,TCGCTGTT,AATGACGC,,,K7
NEXT-i7-IDT-118,NEXT-i5-IDT-126,TGGCTATC,CGAAGTCA,,,K8
NEXT-i7-IDT-30,NEXT-i5-IDT-38,GCGTCATT,TCGATGAC,,,K9
NEXT-i7-IDT-126,NEXT-i5-IDT-134,TGACTTCG,CGCGTATT,,,K10
NEXT-i7-IDT-38,NEXT-i5-IDT-46,GTCATCGA,AACACGCT,,,K11
NEXT-i7-IDT-134,NEXT-i5-IDT-142,AATACGCG,GAGAGTAC,,,K12
NEXT-i7-IDT-46,NEXT-i5-IDT-54,AGCGTGTT,GTCAACAG,,,K13
NEXT-i7-IDT-142,NEXT-i5-IDT-150,GTACTCTC,TACATCGG,,,K14
NEXT-i7-IDT-54,NEXT-i5-IDT-62,CTGTTGAC,AGATTGCG,,,K15
NEXT-i7-IDT-150,NEXT-i5-IDT-158,CCGATGTA,AGCTTCAG,,,K16
NEXT-i7-IDT-62,NEXT-i5-IDT-70,CGCAATCT,GTCTGCAA,,,K17
NEXT-i7-IDT-158,NEXT-i5-IDT-166,CTGAAGCT,TCACGATG,,,K18
NEXT-i7-IDT-70,NEXT-i5-IDT-78,TTGCAGAC,ACTCCTAC,,,K19
NEXT-i7-IDT-166,NEXT-i5-IDT-174,CATCGTGA,ACGTCGTT,,,K20
NEXT-i7-IDT-78,NEXT-i5-IDT-86,GTAGGAGT,AGTCGAAG,,,K21
NEXT-i7-IDT-174,NEXT-i5-IDT-182,AACGACGT,GTTAAGCG,,,K22
NEXT-i7-IDT-86,NEXT-i5-IDT-94,CTTCGACT,GAACGGTT,,,K23
NEXT-i7-IDT-182,NEXT-i5-IDT-190,CGCTTAAC,TGGATGGT,,,K24
NEXT-i7-IDT-286,NEXT-i5-IDT-198,GTTCATGG,TGTCAGTG,,,L1
NEXT-i7-IDT-382,NEXT-i5-IDT-294,AATGGACG,ACCTTCGA,,,L2
NEXT-i7-IDT-198,NEXT-i5-IDT-206,CACTGACA,AAGACCGT,,,L3
NEXT-i7-IDT-294,NEXT-i5-IDT-302,TCGAAGGT,TTGCGAGA,,,L4
NEXT-i7-IDT-206,NEXT-i5-IDT-214,ACGGTCTT,ACCGACAA,,,L5
NEXT-i7-IDT-302,NEXT-i5-IDT-310,TCTCGCAA,TAGGAGCT,,,L6
NEXT-i7-IDT-214,NEXT-i5-IDT-222,TTGTCGGT,AGTGACCT,,,L7
NEXT-i7-IDT-310,NEXT-i5-IDT-318,AGCTCCTA,TCGAACCT,,,L8
NEXT-i7-IDT-222,NEXT-i5-IDT-230,AGGTCACT,ACGTATGG,,,L9
NEXT-i7-IDT-318,NEXT-i5-IDT-326,AGGTTCGA,TACAGAGC,,,L10
NEXT-i7-IDT-230,NEXT-i5-IDT-238,CCATACGT,ATACTGGC,,,L11
NEXT-i7-IDT-326,NEXT-i5-IDT-334,GCTCTGTA,GAATGGCA,,,L12
NEXT-i7-IDT-238,NEXT-i5-IDT-246,GCCAGTAT,TAGCTGAG,,,L13
NEXT-i7-IDT-334,NEXT-i5-IDT-342,TGCCATTC,CATTCGTC,,,L14
NEXT-i7-IDT-246,NEXT-i5-IDT-254,CTCAGCTA,AGGAACAC,,,L15
NEXT-i7-IDT-342,NEXT-i5-IDT-350,GACGAATG,CGATTCTG,,,L16
NEXT-i7-IDT-254,NEXT-i5-IDT-262,GTGTTCCT,ATCGGAGA,,,L17
NEXT-i7-IDT-350,NEXT-i5-IDT-358,CAGAATCG,AACAAGGC,,,L18
NEXT-i7-IDT-262,NEXT-i5-IDT-270,TCTCCGAT,GAAGACTG,,,L19
NEXT-i7-IDT-358,NEXT-i5-IDT-366,GCCTTGTT,ACCGAATG,,,L20
NEXT-i7-IDT-270,NEXT-i5-IDT-278,CAGTCTTC,CATCTGCT,,,L21
NEXT-i7-IDT-366,NEXT-i5-IDT-374,CATTCGGT,ACTCTCCA,,,L22
NEXT-i7-IDT-278,NEXT-i5-IDT-286,AGCAGATG,CCATGAAC,,,L23
NEXT-i7-IDT-374,NEXT-i5-IDT-382,TGGAGAGT,CGTCCATT,,,L24
NEXT-i7-IDT-95,NEXT-i5-IDT-7,TGGTACAG,ATCATGCG,,,M1
NEXT-i7-IDT-191,NEXT-i5-IDT-103,GTGGATAG,ACAACGTG,,,M2
NEXT-i7-IDT-7,NEXT-i5-IDT-15,CGCATGAT,GCTACTCT,,,M3
NEXT-i7-IDT-103,NEXT-i5-IDT-111,CACGTTGT,TTCACGGA,,,M4
NEXT-i7-IDT-15,NEXT-i5-IDT-23,AGAGTAGC,CCAACGAA,,,M5
NEXT-i7-IDT-111,NEXT-i5-IDT-119,TCCGTGAA,TATGACCG,,,M6
NEXT-i7-IDT-23,NEXT-i5-IDT-31,TTCGTTGG,TACCGGAT,,,M7
NEXT-i7-IDT-119,NEXT-i5-IDT-127,CGGTCATA,GTGATCCA,,,M8
NEXT-i7-IDT-31,NEXT-i5-IDT-39,ATCCGGTA,GAAGTGCT,,,M9
NEXT-i7-IDT-127,NEXT-i5-IDT-135,TGGATCAC,AGTTCGCA,,,M10
NEXT-i7-IDT-39,NEXT-i5-IDT-47,AGCACTTC,ACTCGATC,,,M11
NEXT-i7-IDT-135,NEXT-i5-IDT-143,TGCGAACT,AGATACGG,,,M12
NEXT-i7-IDT-47,NEXT-i5-IDT-55,GATCGAGT,GTGGTATG,,,M13
NEXT-i7-IDT-143,NEXT-i5-IDT-151,CCGTATCT,ACTGCGAA,,,M14
NEXT-i7-IDT-55,NEXT-i5-IDT-63,CATACCAC,CACACATC,,,M15
NEXT-i7-IDT-151,NEXT-i5-IDT-159,TTCGCAGT,CCTCGTTA,,,M16
NEXT-i7-IDT-63,NEXT-i5-IDT-71,GATGTGTG,CCACATTG,,,M17
NEXT-i7-IDT-159,NEXT-i5-IDT-167,TAACGAGG,CCACAACA,,,M18
NEXT-i7-IDT-71,NEXT-i5-IDT-79,CAATGTGG,CAATCAGG,,,M19
NEXT-i7-IDT-167,NEXT-i5-IDT-175,TGTTGTGG,CGAATACG,,,M20
NEXT-i7-IDT-79,NEXT-i5-IDT-87,CCTGATTG,TGGAAGCA,,,M21
NEXT-i7-IDT-175,NEXT-i5-IDT-183,CGTATTCG,CATGGATC,,,M22
NEXT-i7-IDT-87,NEXT-i5-IDT-95,TGCTTCCA,CTGTACCA,,,M23
NEXT-i7-IDT-183,NEXT-i5-IDT-191,GATCCATG,CTATCCAC,,,M24
NEXT-i7-IDT-287,NEXT-i5-IDT-199,TCGTGGAT,GACTACGA,,,N1
NEXT-i7-IDT-383,NEXT-i5-IDT-295,GATAGCGA,ACGCTTCT,,,N2
NEXT-i7-IDT-199,NEXT-i5-IDT-207,TCGTAGTC,CTCCAATC,,,N3
NEXT-i7-IDT-295,NEXT-i5-IDT-303,AGAAGCGT,ACACCGAT,,,N4
NEXT-i7-IDT-207,NEXT-i5-IDT-215,GATTGGAG,CGTAGATG,,,N5
NEXT-i7-IDT-303,NEXT-i5-IDT-311,ATCGGTGT,CAACGAGT,,,N6
NEXT-i7-IDT-215,NEXT-i5-IDT-223,CATCTACG,CGAATTGC,,,N7
NEXT-i7-IDT-311,NEXT-i5-IDT-319,ACTCGTTG,GCATAGTC,,,N8
NEXT-i7-IDT-223,NEXT-i5-IDT-231,GCAATTCG,AAGGACCA,,,N9
NEXT-i7-IDT-319,NEXT-i5-IDT-327,GACTATGC,GCATAACG,,,N10
NEXT-i7-IDT-231,NEXT-i5-IDT-239,TGGTCCTT,AACCTACG,,,N11
NEXT-i7-IDT-327,NEXT-i5-IDT-335,CGTTATGC,CGGATCAA,,,N12
NEXT-i7-IDT-239,NEXT-i5-IDT-247,CGTAGGTT,AGAGCAGA,,,N13
NEXT-i7-IDT-335,NEXT-i5-IDT-343,TTGATCCG,TTCCTCCT,,,N14
NEXT-i7-IDT-247,NEXT-i5-IDT-255,TCTGCTCT,ACCATCCT,,,N15
NEXT-i7-IDT-343,NEXT-i5-IDT-351,AGGAGGAA,GCAACCAT,,,N16
NEXT-i7-IDT-255,NEXT-i5-IDT-263,AGGATGGT,GATACCTG,,,N17
NEXT-i7-IDT-351,NEXT-i5-IDT-359,ATGGTTGC,CCAGTATC,,,N18
NEXT-i7-IDT-263,NEXT-i5-IDT-271,CAGGTATC,CCGTTATG,,,N19
NEXT-i7-IDT-359,NEXT-i5-IDT-367,GATACTGG,CTCACCAA,,,N20
NEXT-i7-IDT-271,NEXT-i5-IDT-279,CATAACGG,CGCTGATA,,,N21
NEXT-i7-IDT-367,NEXT-i5-IDT-375,TTGGTGAG,CAGCATAC,,,N22
NEXT-i7-IDT-279,NEXT-i5-IDT-287,TATCAGCG,ATCCACGA,,,N23
NEXT-i7-IDT-375,NEXT-i5-IDT-383,GTATGCTG,TCGCTATC,,,N24
NEXT-i7-IDT-96,NEXT-i5-IDT-8,ATATGCGC,TGTTCCGT,,,O1
NEXT-i7-IDT-192,NEXT-i5-IDT-104,CTGAGATC,TGCTGTGA,,,O2
NEXT-i7-IDT-8,NEXT-i5-IDT-16,ACGGAACA,CTCTGGAT,,,O3
NEXT-i7-IDT-104,NEXT-i5-IDT-112,TCACAGCA,GAGCTCTA,,,O4
NEXT-i7-IDT-16,NEXT-i5-IDT-24,ATCCAGAG,CAGTGCTT,,,O5
NEXT-i7-IDT-112,NEXT-i5-IDT-120,TAGAGCTC,CGATTGGA,,,O6
NEXT-i7-IDT-24,NEXT-i5-IDT-32,AAGCACTG,TTGCAACG,,,O7
NEXT-i7-IDT-120,NEXT-i5-IDT-128,TCCAATCG,ACTGGTGT,,,O8
NEXT-i7-IDT-32,NEXT-i5-IDT-40,CGTTGCAA,CTTCCTTC,,,O9
NEXT-i7-IDT-128,NEXT-i5-IDT-136,ACACCAGT,TAGTCAGC,,,O10
NEXT-i7-IDT-40,NEXT-i5-IDT-48,GAAGGAAG,TGAGCTGT,,,O11
NEXT-i7-IDT-136,NEXT-i5-IDT-144,GCTGACTA,GTTCTTCG,,,O12
NEXT-i7-IDT-48,NEXT-i5-IDT-56,ACAGCTCA,CCAACTTC,,,O13
NEXT-i7-IDT-144,NEXT-i5-IDT-152,CGAAGAAC,TCTGTCGT,,,O14
NEXT-i7-IDT-56,NEXT-i5-IDT-64,GAAGTTGG,GAGCAATC,,,O15
NEXT-i7-IDT-152,NEXT-i5-IDT-160,ACGACAGA,TGAGACGA,,,O16
NEXT-i7-IDT-64,NEXT-i5-IDT-72,GATTGCTC,GATGGAGT,,,O17
NEXT-i7-IDT-160,NEXT-i5-IDT-168,TCGTCTCA,AGGTCTGT,,,O18
NEXT-i7-IDT-72,NEXT-i5-IDT-80,ACTCCATC,TCGTGCAT,,,O19
NEXT-i7-IDT-168,NEXT-i5-IDT-176,ACAGACCT,TGCTTGCT,,,O20
NEXT-i7-IDT-80,NEXT-i5-IDT-88,ATGCACGA,CTCGTTCT,,,O21
NEXT-i7-IDT-176,NEXT-i5-IDT-184,AGCAAGCA,ACAGAGGT,,,O22
NEXT-i7-IDT-88,NEXT-i5-IDT-96,AGAACGAG,GCGCATAT,,,O23
NEXT-i7-IDT-184,NEXT-i5-IDT-192,ACCTCTGT,GATCTCAG,,,O24
NEXT-i7-IDT-288,NEXT-i5-IDT-200,ACCTTCTC,TTACGTGC,,,P1
NEXT-i7-IDT-384,NEXT-i5-IDT-296,CGACCATT,GAGTAGAG,,,P2
NEXT-i7-IDT-200,NEXT-i5-IDT-208,GCACGTAA,TCTGGACA,,,P3
NEXT-i7-IDT-296,NEXT-i5-IDT-304,CTCTACTC,CGTATCTC,,,P4
NEXT-i7-IDT-208,NEXT-i5-IDT-216,TGTCCAGA,CTGTATGC,,,P5
NEXT-i7-IDT-304,NEXT-i5-IDT-312,GAGATACG,TGTGTCAG,,,P6
NEXT-i7-IDT-216,NEXT-i5-IDT-224,GCATACAG,CAAGAAGC,,,P7
NEXT-i7-IDT-312,NEXT-i5-IDT-320,CTGACACA,CTCCTGAA,,,P8
NEXT-i7-IDT-224,NEXT-i5-IDT-232,GCTTCTTG,TATGCGGT,,,P9
NEXT-i7-IDT-320,NEXT-i5-IDT-328,TTCAGGAG,GATCAGAC,,,P10
NEXT-i7-IDT-232,NEXT-i5-IDT-240,ACCGCATA,CATACTCG,,,P11
NEXT-i7-IDT-328,NEXT-i5-IDT-336,GTCTGATC,ACTGCACT,,,P12
NEXT-i7-IDT-240,NEXT-i5-IDT-248,CGAGTATG,CTTCGGTT,,,P13
NEXT-i7-IDT-336,NEXT-i5-IDT-344,AGTGCAGT,GCTGTAAG,,,P14
NEXT-i7-IDT-248,NEXT-i5-IDT-256,AACCGAAG,GAACGTGA,,,P15
NEXT-i7-IDT-344,NEXT-i5-IDT-352,CTTACAGC,AATCCAGC,,,P16
NEXT-i7-IDT-256,NEXT-i5-IDT-264,TCACGTTC,TCCTGACT,,,P17
NEXT-i7-IDT-352,NEXT-i5-IDT-360,GCTGGATT,CCTCGAAT,,,P18
NEXT-i7-IDT-264,NEXT-i5-IDT-272,AGTCAGGA,CTAGCAGT,,,P19
NEXT-i7-IDT-360,NEXT-i5-IDT-368,ATTCGAGG,CAGAACTG,,,P20
NEXT-i7-IDT-272,NEXT-i5-IDT-280,ACTGCTAG,TCGTCTGA,,,P21
NEXT-i7-IDT-368,NEXT-i5-IDT-376,CAGTTCTG,TACTCCAG,,,P22
NEXT-i7-IDT-280,NEXT-i5-IDT-288,TCAGACGA,GAGAAGGT,,,P23
NEXT-i7-IDT-376,NEXT-i5-IDT-384,CTGGAGTA,AATGGTCG,,,P24
